id,name,email,mobile_number,created_by,created_at,is_deleted
1,Mel Crocket,mcrocket0@twitpic.com,01587055954,1,2024-01-01,0
2,Valdemar Caudrelier,vcaudrelier1@vinaora.com,01553344062,1,2023-10-28,0
3,Melany Ackenson,mackenson2@smugmug.com,01108894164,1,2023-11-18,0
4,Ashton Starsmeare,astarsmeare3@washingtonpost.com,01177173254,1,2024-01-10,0
5,Donnamarie Twitty,dtwitty4@wikimedia.org,01090373638,1,2024-04-15,0
6,Jeremiah Kolakowski,jkolakowski5@lulu.com,01159254697,1,2024-02-06,0
7,Nanci Lauchlan,nlauchlan6@google.com.hk,01042696291,1,2024-05-10,0
8,Sarina Kerton,skerton7@timesonline.co.uk,01176278853,1,2024-03-18,0
9,Sena Rameaux,srameaux8@bravesites.com,01563621896,1,2024-08-04,0
10,Travis Martino,tmartino9@irs.gov,01529442844,1,2024-04-07,0
11,Von Candey,vcandeya@google.com,01511046400,1,2024-04-19,0
12,Atlanta O'Shevlin,aoshevlinb@domainmarket.com,01025191061,1,2024-06-18,0
13,Tull Lepard,tlepardc@prlog.org,01142547272,1,2024-08-21,0
14,Dione Hulme,dhulmed@hexun.com,01184638825,1,2024-07-11,0
15,Massimiliano Hardwicke,mhardwickee@smh.com.au,01146344201,1,2024-08-30,0
16,Caron Crust,ccrustf@devhub.com,01173816886,1,2024-10-05,0
17,Marten Abazi,mabazig@lulu.com,01189340265,1,2024-10-01,0
18,Raffaello Conrad,rconradh@zdnet.com,01230286347,1,2024-02-23,0
19,Caressa Wiggall,cwiggalli@wordpress.org,01203300435,1,2024-08-26,0
20,Nessie Hurt,nhurtj@nps.gov,01503786839,1,2023-11-10,0
21,Evita Metschke,emetschkek@imdb.com,01163488015,1,2024-09-16,0
22,Nariko Eastment,neastmentl@ftc.gov,01136604750,1,2024-07-21,0
23,Mireielle Crutchfield,mcrutchfieldm@google.ca,01050132289,1,2023-10-31,0
24,Hewie Downie,hdownien@sogou.com,01060521195,1,2024-07-23,0
25,Thea Frankum,tfrankumo@odnoklassniki.ru,01054120514,1,2024-06-18,0
26,Sandi Manueau,smanueaup@google.com,01587761895,1,2024-05-21,0
27,Say Pipkin,spipkinq@japanpost.jp,01057581565,1,2023-12-05,0
28,Ferrel Bleesing,fbleesingr@theglobeandmail.com,01527883318,1,2023-12-05,0
29,Dmitri Nunan,dnunans@indiatimes.com,01147317909,1,2024-09-02,0
30,Isabelita MacIlory,imaciloryt@dion.ne.jp,01290653762,1,2024-09-02,0
31,Elise Nuton,enutonu@vkontakte.ru,01176521177,1,2024-10-08,0
32,Lucille Grigolli,lgrigolliv@t-online.de,01172705710,1,2024-09-12,0
33,Idelle Elacoate,ielacoatew@de.vu,01167528949,1,2024-02-07,0
34,Ilse Blain,iblainx@blogtalkradio.com,01232707025,1,2024-04-22,0
35,Perry Itzik,pitziky@dion.ne.jp,01096177728,1,2023-11-01,0
36,Dalt Govier,dgovierz@godaddy.com,01251691455,1,2024-01-05,0
37,Simone Murrthum,smurrthum10@bloglines.com,01188961678,1,2024-08-16,0
38,Joy Luipold,jluipold11@smugmug.com,01122839442,1,2024-10-06,0
39,Essie Kinchlea,ekinchlea12@latimes.com,01049280809,1,2024-09-10,0
40,Elene Dumsday,edumsday13@columbia.edu,01003064172,1,2024-09-18,0
41,Traver Pettett,tpettett14@arizona.edu,01174629667,1,2024-03-06,0
42,Tedman Kearey,tkearey15@wp.com,01190178413,1,2023-11-01,0
43,June Enns,jenns16@123-reg.co.uk,01139445816,1,2023-12-18,0
44,Cathryn Bauchop,cbauchop17@state.gov,01214771241,1,2024-01-11,0
45,Megen Risbridger,mrisbridger18@canalblog.com,01179592019,1,2023-10-25,0
46,Keefer Whitemarsh,kwhitemarsh19@desdev.cn,01000183797,1,2024-06-14,0
47,Maurise Le Hucquet,mle1a@msn.com,01097822493,1,2024-07-18,0
48,Jayne Duncan,jduncan1b@pagesperso-orange.fr,01566299223,1,2023-10-18,0
49,Kizzee Hindge,khindge1c@mysql.com,01567343782,1,2024-03-20,0
50,Joceline Berkeley,jberkeley1d@dot.gov,01581668533,1,2024-04-28,0
51,Janessa Bernaciak,jbernaciak1e@liveinternet.ru,01107713309,1,2024-04-27,0
52,Wiley Mellhuish,wmellhuish1f@sfgate.com,01250719434,1,2024-06-16,0
53,Cherise Jerzykiewicz,cjerzykiewicz1g@canalblog.com,01543825000,1,2024-01-02,0
54,Sandy Orrice,sorrice1h@theglobeandmail.com,01506815942,1,2024-09-16,0
55,Nichole Sawbridge,nsawbridge1i@geocities.com,01038217040,1,2024-07-02,0
56,Katha Tomowicz,ktomowicz1j@berkeley.edu,01156262125,1,2024-04-18,0
57,Fleming Woodberry,fwoodberry1k@usgs.gov,01005035707,1,2024-06-02,0
58,Malissa Ceschini,mceschini1l@abc.net.au,01011555372,1,2024-08-28,0
59,Carline Assaf,cassaf1m@cnet.com,01550169792,1,2024-07-14,0
60,Alyosha Callow,acallow1n@indiegogo.com,01029539238,1,2024-05-21,0
61,Thaine Schlag,tschlag1o@clickbank.net,01585053226,1,2024-09-12,0
62,Kendrick Hartley,khartley1p@soup.io,01148737564,1,2024-07-02,0
63,Dorry Swafford,dswafford1q@bandcamp.com,01051064793,1,2024-06-06,0
64,Broddie Titmuss,btitmuss1r@stanford.edu,01144553566,1,2024-02-03,0
65,Barny Kmicicki,bkmicicki1s@intel.com,01528739052,1,2024-05-12,0
66,Ellery Maddick,emaddick1t@livejournal.com,01273336353,1,2024-07-14,0
67,Devlin Hodcroft,dhodcroft1u@illinois.edu,01276798650,1,2024-01-13,0
68,Phyllida Tassell,ptassell1v@europa.eu,01299516808,1,2023-10-25,0
69,Gladi Rope,grope1w@columbia.edu,01509079691,1,2024-06-16,0
70,Ev Whyborn,ewhyborn1x@privacy.gov.au,01171419350,1,2024-03-27,0
71,Ernst Polendine,epolendine1y@ycombinator.com,01063974095,1,2024-09-10,0
72,Haydon Capponer,hcapponer1z@weather.com,01131193043,1,2024-06-09,0
73,Kerry Caldow,kcaldow20@ftc.gov,01511905844,1,2023-12-11,0
74,Randolf Leary,rleary21@amazon.co.jp,01240310485,1,2024-01-09,0
75,Noni Mechi,nmechi22@about.com,01513374511,1,2023-11-30,0
76,Reggi De la Perrelle,rde23@arstechnica.com,01132282445,1,2024-05-20,0
77,Aluin Beardon,abeardon24@google.com.au,01114374868,1,2024-06-29,0
78,Janean Arnao,jarnao25@github.io,01096246390,1,2023-12-22,0
79,Rachele Marriot,rmarriot26@about.me,01585248808,1,2024-07-08,0
80,Raynell Migheli,rmigheli27@nydailynews.com,01194135194,1,2024-04-06,0
81,Amory Winning,awinning28@webnode.com,01187962760,1,2024-04-24,0
82,Millicent Farlowe,mfarlowe29@msn.com,01206244386,1,2024-05-17,0
83,Tallie Skirven,tskirven2a@seesaa.net,01080087465,1,2024-09-09,0
84,Prudi Madders,pmadders2b@wikimedia.org,01019692823,1,2024-04-18,0
85,Teodoro Trustey,ttrustey2c@wisc.edu,01193132633,1,2024-01-03,0
86,Marijo Keiling,mkeiling2d@ucsd.edu,01054668706,1,2023-12-05,0
87,Betta Killelay,bkillelay2e@vk.com,01543926199,1,2024-10-10,0
88,Stewart Domengue,sdomengue2f@nih.gov,01287364139,1,2024-05-03,0
89,Lyon Macourek,lmacourek2g@tripadvisor.com,01208950256,1,2024-08-28,0
90,Julietta Clendening,jclendening2h@hc360.com,01082520672,1,2023-12-06,0
91,Fabe Hawse,fhawse2i@dedecms.com,01226295202,1,2024-04-19,0
92,Annemarie Tourle,atourle2j@netlog.com,01035362293,1,2024-02-20,0
93,Gale Packe,gpacke2k@msn.com,01513047272,1,2024-08-24,0
94,Rowen Betham,rbetham2l@ca.gov,01565911766,1,2024-02-25,0
95,Nance Daffey,ndaffey2m@merriam-webster.com,01231121271,1,2024-01-02,0
96,Corenda Thorogood,cthorogood2n@craigslist.org,01193767253,1,2024-07-26,0
97,Ferdie Edmonston,fedmonston2o@yellowbook.com,01570663485,1,2024-09-17,0
98,Roby Kirwan,rkirwan2p@psu.edu,01169200790,1,2023-11-21,0
99,Lothario Paulazzi,lpaulazzi2q@4shared.com,01084650970,1,2024-01-13,0
100,Jobyna Cohane,jcohane2r@howstuffworks.com,01160010493,1,2024-08-09,0
101,Harwell Dike,hdike2s@plala.or.jp,01532282490,1,2024-02-27,0
102,Ailis Wimsett,awimsett2t@over-blog.com,01190575776,1,2024-07-01,0
103,Lauren Hugonnet,lhugonnet2u@reuters.com,01237120212,1,2023-12-10,0
104,Peyton Billes,pbilles2v@bravesites.com,01038340632,1,2024-01-27,0
105,Lorianna Bendik,lbendik2w@prweb.com,01576519852,1,2024-04-11,0
106,Cully Rheubottom,crheubottom2x@constantcontact.com,01191143209,1,2024-06-08,0
107,Nathalie Dawbury,ndawbury2y@shinystat.com,01036370940,1,2024-06-05,0
108,Corrinne Tolman,ctolman2z@slideshare.net,01289928002,1,2023-12-31,0
109,Daffi Miere,dmiere30@xrea.com,01182229520,1,2024-05-24,0
110,Kacey Dighton,kdighton31@intel.com,01100634194,1,2024-06-12,0
111,Cherry Simoneton,csimoneton32@freewebs.com,01182196724,1,2024-01-14,0
112,Micah Gordon,mgordon33@mapquest.com,01030952412,1,2024-08-03,0
113,Ruthann Kegley,rkegley34@biblegateway.com,01589293551,1,2024-07-22,0
114,Clemmy Solley,csolley35@ca.gov,01210306368,1,2024-05-26,0
115,Rory Cockran,rcockran36@hp.com,01182372774,1,2024-08-05,0
116,Abagail Wyldes,awyldes37@nsw.gov.au,01283986045,1,2023-12-31,0
117,Lorelle Tombleson,ltombleson38@stumbleupon.com,01502780577,1,2024-05-26,0
118,Dante Dyble,ddyble39@hatena.ne.jp,01248398867,1,2023-11-22,0
119,Georgianna Dunnaway,gdunnaway3a@w3.org,01536077234,1,2024-04-17,0
120,Oliver Bazeley,obazeley3b@quantcast.com,01217460709,1,2024-02-05,0
121,Gail Simoncelli,gsimoncelli3c@tuttocitta.it,01104635477,1,2024-07-10,0
122,Ewart Montacute,emontacute3d@wunderground.com,01260368462,1,2024-04-04,0
123,Marshal Dowden,mdowden3e@boston.com,01042063644,1,2024-08-06,0
124,Lorinda Sichardt,lsichardt3f@discuz.net,01253009922,1,2024-06-04,0
125,Torrence Byllam,tbyllam3g@google.com.au,01509766344,1,2023-11-24,0
126,Garik Goghin,ggoghin3h@wiley.com,01039401597,1,2024-06-16,0
127,Jenica Fforde,jfforde3i@aol.com,01586660972,1,2024-09-03,0
128,Mychal Verchambre,mverchambre3j@weather.com,01107910725,1,2023-12-25,0
129,Paddie McGuiness,pmcguiness3k@bbc.co.uk,01166004800,1,2024-01-21,0
130,Gabbi Dewsnap,gdewsnap3l@arizona.edu,01240769559,1,2024-03-16,0
131,Marleen Norvel,mnorvel3m@bbb.org,01282757022,1,2023-12-03,0
132,Marlowe Giacovazzo,mgiacovazzo3n@drupal.org,01236405143,1,2023-10-24,0
133,Link Bilbrooke,lbilbrooke3o@dailymail.co.uk,01505481042,1,2024-07-13,0
134,Aaron Eldritt,aeldritt3p@stanford.edu,01278320038,1,2023-12-21,0
135,Darya Jessen,djessen3q@examiner.com,01159512854,1,2024-04-04,0
136,Micheline Olenov,molenov3r@earthlink.net,01002744584,1,2024-04-28,0
137,Ralina Cockren,rcockren3s@netvibes.com,01070734740,1,2024-06-03,0
138,Edd Dilkes,edilkes3t@ehow.com,01014351717,1,2023-12-02,0
139,Zea Dobbin,zdobbin3u@ameblo.jp,01550109886,1,2024-04-08,0
140,Davon Stickings,dstickings3v@who.int,01126834437,1,2024-02-12,0
141,Sisely Valder,svalder3w@google.ru,01522321219,1,2024-10-11,0
142,Laurel Lorimer,llorimer3x@hp.com,01528956423,1,2024-04-18,0
143,Osborne Walthall,owalthall3y@simplemachines.org,01089078146,1,2024-10-08,0
144,Jarrett Braffington,jbraffington3z@is.gd,01546866084,1,2024-01-13,0
145,Lynett McCarthy,lmccarthy40@symantec.com,01570199669,1,2024-02-14,0
146,Erich Espinola,eespinola41@stanford.edu,01170146804,1,2024-02-15,0
147,Myrvyn Reedshaw,mreedshaw42@mapy.cz,01577826143,1,2024-02-16,0
148,Sissie Binnell,sbinnell43@cornell.edu,01522977580,1,2024-01-13,0
149,Jacob Thorington,jthorington44@fc2.com,01546125452,1,2024-07-04,0
150,Mireille Conlaund,mconlaund45@last.fm,01238193323,1,2024-10-09,0
151,Shani Chess,schess46@1688.com,01015510994,1,2024-02-10,0
152,Kleon Charrette,kcharrette47@oakley.com,01296927888,1,2024-09-28,0
153,Kirstyn Mylan,kmylan48@hatena.ne.jp,01062042667,1,2023-12-25,0
154,King De Ortega,kde49@yahoo.com,01275852452,1,2024-09-17,0
155,Alysia Brash,abrash4a@addthis.com,01290366956,1,2024-02-07,0
156,Flin Vernalls,fvernalls4b@xinhuanet.com,01225302502,1,2024-05-16,0
157,Analise Collings,acollings4c@oracle.com,01108712210,1,2024-05-22,0
158,Steffane Kinloch,skinloch4d@slideshare.net,01174815578,1,2024-01-11,0
159,Charline Milkeham,cmilkeham4e@dmoz.org,01121629871,1,2024-09-24,0
160,Karleen Etheredge,ketheredge4f@furl.net,01522445868,1,2024-02-07,0
161,Juieta Marland,jmarland4g@mozilla.com,01072371898,1,2024-05-12,0
162,Obediah Lashmore,olashmore4h@nih.gov,01535486904,1,2024-02-13,0
163,Felita Carney,fcarney4i@tinypic.com,01594989980,1,2024-09-21,0
164,Westbrooke Irlam,wirlam4j@weather.com,01200705116,1,2024-08-27,0
165,Karin Rudwell,krudwell4k@parallels.com,01578266905,1,2023-10-26,0
166,Eberhard Thinn,ethinn4l@craigslist.org,01247145306,1,2024-09-07,0
167,Diena Grumell,dgrumell4m@artisteer.com,01513679769,1,2024-02-03,0
168,Adolphus Jeffs,ajeffs4n@google.it,01567412966,1,2024-09-08,0
169,Delila MacRirie,dmacririe4o@imgur.com,01085218684,1,2023-12-04,0
170,Lesley Lindroos,llindroos4p@sciencedirect.com,01046603353,1,2024-02-20,0
171,Brade Oughton,boughton4q@chron.com,01298671259,1,2023-12-05,0
172,Ritchie Berry,rberry4r@bravesites.com,01115812744,1,2023-12-16,0
173,Dniren McIlwaine,dmcilwaine4s@telegraph.co.uk,01182655703,1,2023-12-22,0
174,Pauly MacAlpine,pmacalpine4t@ucla.edu,01038826929,1,2024-02-01,0
175,Rozella Ricards,rricards4u@cbc.ca,01273537158,1,2024-07-05,0
176,Fernando Collecott,fcollecott4v@bandcamp.com,01273347035,1,2024-02-04,0
177,Clem Djekovic,cdjekovic4w@vkontakte.ru,01112724861,1,2024-07-25,0
178,Chantal Froggatt,cfroggatt4x@furl.net,01516304059,1,2024-05-25,0
179,Evelina Tenbrug,etenbrug4y@tiny.cc,01568561800,1,2024-05-23,0
180,Colas Norman,cnorman4z@flickr.com,01057346903,1,2024-03-28,0
181,Jessie Stalley,jstalley50@mit.edu,01255230439,1,2024-05-03,0
182,Renado McAuslan,rmcauslan51@123-reg.co.uk,01087716543,1,2024-02-07,0
183,Pavia Vorley,pvorley52@so-net.ne.jp,01036037432,1,2024-05-26,0
184,Gayleen Dik,gdik53@abc.net.au,01099314075,1,2024-06-08,0
185,Ashil Parsall,aparsall54@wix.com,01192358112,1,2023-12-01,0
186,Marjory McNiff,mmcniff55@jugem.jp,01015307283,1,2024-07-25,0
187,Robin Whittet,rwhittet56@walmart.com,01520977475,1,2024-01-27,0
188,Gabriela Hillyatt,ghillyatt57@yandex.ru,01591205770,1,2024-07-24,0
189,Dell Olver,dolver58@youtu.be,01267982439,1,2024-06-06,0
190,Rois Gaveltone,rgaveltone59@scribd.com,01557276512,1,2024-07-30,0
191,Desdemona Cummine,dcummine5a@wisc.edu,01525527984,1,2024-10-08,0
192,Eugenie Rishman,erishman5b@arstechnica.com,01281737082,1,2024-06-17,0
193,Elisabeth Emilien,eemilien5c@smugmug.com,01092500458,1,2023-12-08,0
194,Tasia O'Dee,todee5d@tamu.edu,01261363461,1,2024-08-15,0
195,Victoir Gebuhr,vgebuhr5e@ocn.ne.jp,01206617256,1,2023-12-14,0
196,Orion MacGeffen,omacgeffen5f@wired.com,01012872004,1,2024-04-25,0
197,Alex Tremonte,atremonte5g@cloudflare.com,01133901814,1,2023-12-20,0
198,Morie Adlington,madlington5h@squidoo.com,01154762323,1,2023-10-31,0
199,Allyson Heater,aheater5i@go.com,01060838569,1,2024-10-02,0
200,Sinclare Laffin,slaffin5j@ustream.tv,01577486433,1,2023-10-17,0
201,Cirillo Crothers,ccrothers5k@symantec.com,01079371102,1,2024-07-24,0
202,Joyann Radsdale,jradsdale5l@tumblr.com,01081490651,1,2024-10-09,0
203,Elmo Duhig,eduhig5m@simplemachines.org,01532985582,1,2023-11-02,0
204,Allyson Orta,aorta5n@prlog.org,01286128426,1,2023-12-26,0
205,Emyle Adan,eadan5o@tripod.com,01266719576,1,2024-09-21,0
206,Kristo Seeley,kseeley5p@mozilla.org,01043617310,1,2023-12-25,0
207,Barbie Claeskens,bclaeskens5q@infoseek.co.jp,01285131139,1,2024-07-21,0
208,Hephzibah Pinard,hpinard5r@cbslocal.com,01020968453,1,2024-07-23,0
209,Mavra Lishmund,mlishmund5s@go.com,01269671041,1,2024-06-09,0
210,Rowan Wimlet,rwimlet5t@about.me,01187582684,1,2023-12-28,0
211,Nickolai Bene,nbene5u@indiegogo.com,01254298710,1,2023-12-23,0
212,Cherri Bere,cbere5v@businesswire.com,01218831562,1,2023-12-22,0
213,Arvin Creddon,acreddon5w@cloudflare.com,01531799611,1,2023-10-29,0
214,Veronike McArdle,vmcardle5x@sogou.com,01002629389,1,2024-01-16,0
215,Alair Ebsworth,aebsworth5y@drupal.org,01127351834,1,2024-02-16,0
216,Sarge Hackleton,shackleton5z@blog.com,01535451339,1,2024-06-26,0
217,Joannes Howley,jhowley60@mapquest.com,01240627790,1,2024-06-11,0
218,Hertha Puddin,hpuddin61@webmd.com,01032625565,1,2024-01-08,0
219,Blondy Shimmin,bshimmin62@elegantthemes.com,01147236413,1,2024-08-02,0
220,Mattias Devorill,mdevorill63@mapy.cz,01242796798,1,2024-01-21,0
221,Zed Nelthrop,znelthrop64@elegantthemes.com,01575238121,1,2024-04-27,0
222,Conrado Cornwell,ccornwell65@nbcnews.com,01142661243,1,2024-04-07,0
223,Hobard Molden,hmolden66@dot.gov,01592763698,1,2024-08-04,0
224,Seumas Budgeon,sbudgeon67@dion.ne.jp,01006121198,1,2023-12-23,0
225,Laurel Gowenlock,lgowenlock68@tiny.cc,01060481870,1,2024-07-18,0
226,Adrianne Guisot,aguisot69@phpbb.com,01593744117,1,2023-12-17,0
227,Shanan Du Hamel,sdu6a@phpbb.com,01217508413,1,2023-11-02,0
228,Aldous Cromer,acromer6b@house.gov,01049822011,1,2023-12-02,0
229,Dre Mallinder,dmallinder6c@ed.gov,01110444580,1,2024-05-28,0
230,Estelle Hearnah,ehearnah6d@nydailynews.com,01250321363,1,2024-04-12,0
231,Napoleon Kilgallen,nkilgallen6e@auda.org.au,01557404299,1,2024-04-25,0
232,Fancie Brusin,fbrusin6f@nhs.uk,01027596331,1,2024-04-16,0
233,Nettle Penhaligon,npenhaligon6g@redcross.org,01236421118,1,2024-01-19,0
234,Howard Prettyjohns,hprettyjohns6h@reddit.com,01554072323,1,2024-02-26,0
235,Loretta Burgin,lburgin6i@earthlink.net,01502778400,1,2024-06-19,0
236,Karisa Watting,kwatting6j@thetimes.co.uk,01013454284,1,2024-04-25,0
237,Gracia Amesbury,gamesbury6k@a8.net,01213794247,1,2024-08-09,0
238,Jereme Abrahamovitz,jabrahamovitz6l@homestead.com,01234888049,1,2023-10-26,0
239,Jessie Butterfill,jbutterfill6m@xrea.com,01081794500,1,2024-05-20,0
240,Latisha Kynder,lkynder6n@reuters.com,01525379113,1,2024-05-30,0
241,Immanuel Freeborne,ifreeborne6o@blogtalkradio.com,01285897771,1,2024-04-29,0
242,Ira Hakonsson,ihakonsson6p@dagondesign.com,01247583591,1,2024-02-07,0
243,Rochell Branchett,rbranchett6q@hp.com,01262682091,1,2023-10-24,0
244,Meridith Pontefract,mpontefract6r@yahoo.com,01287047985,1,2024-05-03,0
245,Joletta Bygrove,jbygrove6s@soup.io,01146374839,1,2024-06-01,0
246,Brendis Marchington,bmarchington6t@linkedin.com,01244322426,1,2023-11-24,0
247,Lurlene Hampshire,lhampshire6u@csmonitor.com,01070402153,1,2024-01-31,0
248,Jethro Weddup,jweddup6v@myspace.com,01276301279,1,2024-04-24,0
249,Sarina Fossett,sfossett6w@dropbox.com,01271434964,1,2024-05-25,0
250,Haskel Tayt,htayt6x@is.gd,01282233063,1,2024-04-17,0
251,Valerye Danell,vdanell6y@intel.com,01203691812,1,2024-08-19,0
252,Vinny Isacke,visacke6z@google.cn,01229364229,1,2024-03-09,0
253,Jarvis Denty,jdenty70@skyrock.com,01593428692,1,2024-02-10,0
254,Emiline Tollmache,etollmache71@techcrunch.com,01296163255,1,2024-04-26,0
255,Barbabas Curteis,bcurteis72@hud.gov,01548125276,1,2024-04-08,0
256,Jackquelin Gaunter,jgaunter73@nifty.com,01213732351,1,2023-10-29,0
257,Valina Ritmeier,vritmeier74@printfriendly.com,01120683056,1,2024-05-12,0
258,Merissa Olivetta,molivetta75@trellian.com,01505550039,1,2023-11-02,0
259,Alysia Applewhaite,aapplewhaite76@msn.com,01293066718,1,2023-10-23,0
260,Genny Woolis,gwoolis77@scribd.com,01200283173,1,2024-01-16,0
261,Garrick Adamides,gadamides78@ftc.gov,01174562961,1,2024-01-28,0
262,Obidiah Curee,ocuree79@nasa.gov,01593885170,1,2023-11-02,0
263,Jody Gillyatt,jgillyatt7a@mit.edu,01551136807,1,2024-07-14,0
264,Mufi Esberger,mesberger7b@uiuc.edu,01188677973,1,2024-06-07,0
265,Artur Mazzilli,amazzilli7c@google.pl,01512051287,1,2024-08-01,0
266,Ryun Sherwin,rsherwin7d@mail.ru,01195326257,1,2023-12-29,0
267,Isadore Jockle,ijockle7e@salon.com,01582393036,1,2024-01-30,0
268,Flynn Pestell,fpestell7f@photobucket.com,01594890831,1,2024-07-02,0
269,Dino Alessandone,dalessandone7g@umich.edu,01202496686,1,2024-08-21,0
270,Griz Schneider,gschneider7h@constantcontact.com,01096243858,1,2024-03-21,0
271,Isak Daulton,idaulton7i@house.gov,01550182792,1,2024-06-16,0
272,Wrennie Yonge,wyonge7j@amazon.co.jp,01546333077,1,2024-07-28,0
273,Hamilton Gavaghan,hgavaghan7k@domainmarket.com,01024475389,1,2024-08-26,0
274,Sandi Thomassin,sthomassin7l@ucoz.com,01133216852,1,2024-01-08,0
275,Ripley MacIllrick,rmacillrick7m@weibo.com,01167403687,1,2023-12-24,0
276,Ludovico Gornal,lgornal7n@ibm.com,01540115615,1,2024-08-27,0
277,Lindi Medhurst,lmedhurst7o@theglobeandmail.com,01089840827,1,2024-08-03,0
278,Bran Laverack,blaverack7p@networksolutions.com,01237231856,1,2024-08-11,0
279,Elsi Comelini,ecomelini7q@comsenz.com,01188700481,1,2024-08-05,0
280,Ruthi Rothermel,rrothermel7r@bizjournals.com,01544731977,1,2023-11-28,0
281,Walliw Bunting,wbunting7s@xinhuanet.com,01172364059,1,2024-03-30,0
282,Edik Lindstedt,elindstedt7t@geocities.jp,01211183886,1,2024-05-17,0
283,Ophelia Primett,oprimett7u@unblog.fr,01167148801,1,2024-04-13,0
284,Emmaline Keggin,ekeggin7v@google.com,01532344207,1,2023-10-25,0
285,Charlotte Finlay,cfinlay7w@webeden.co.uk,01527883288,1,2023-12-11,0
286,Nonna Stainfield,nstainfield7x@i2i.jp,01165773416,1,2024-01-21,0
287,Eda Bourges,ebourges7y@google.com.hk,01100882923,1,2024-02-16,0
288,Lynsey Jillard,ljillard7z@angelfire.com,01078956563,1,2023-12-10,0
289,Cristiano Fremantle,cfremantle80@examiner.com,01211101677,1,2024-07-19,0
290,Stevy Brimmell,sbrimmell81@dmoz.org,01248459443,1,2023-10-24,0
291,Towny Pearde,tpearde82@gravatar.com,01196267871,1,2024-01-28,0
292,Antonius Longshaw,alongshaw83@prlog.org,01243571573,1,2023-12-25,0
293,Deane Somner,dsomner84@example.com,01518069357,1,2024-10-01,0
294,Patrizio Meadows,pmeadows85@sun.com,01245424075,1,2024-05-27,0
295,Efrem Pettis,epettis86@nytimes.com,01036121038,1,2024-03-17,0
296,Cloe Delamar,cdelamar87@w3.org,01087743141,1,2023-10-27,0
297,Golda Cradduck,gcradduck88@dell.com,01507131190,1,2024-02-17,0
298,Ody Tippetts,otippetts89@engadget.com,01575336252,1,2024-01-18,0
299,Dulci Whorf,dwhorf8a@google.nl,01558106545,1,2024-03-19,0
300,Gerianne Vanelli,gvanelli8b@tripadvisor.com,01084060547,1,2024-02-22,0
301,Cristian Battisson,cbattisson8c@topsy.com,01563801162,1,2024-10-07,0
302,Glenda Ilewicz,gilewicz8d@oracle.com,01146100049,1,2024-08-01,0
303,Baxter Belamy,bbelamy8e@creativecommons.org,01593641610,1,2024-06-26,0
304,Libbi Northey,lnorthey8f@github.com,01082641996,1,2024-02-19,0
305,Ripley Walkden,rwalkden8g@instagram.com,01294351858,1,2024-06-17,0
306,Wat Maskell,wmaskell8h@princeton.edu,01132462398,1,2024-02-07,0
307,Fernandina Melody,fmelody8i@bigcartel.com,01231341449,1,2024-06-07,0
308,Neil Jonczyk,njonczyk8j@topsy.com,01240344406,1,2024-05-19,0
309,Selena Peel,speel8k@taobao.com,01081145941,1,2024-07-28,0
310,Luci Korting,lkorting8l@mozilla.org,01219036161,1,2024-02-21,0
311,Waldemar Raxworthy,wraxworthy8m@nyu.edu,01003274250,1,2024-06-28,0
312,Aloin Elegood,aelegood8n@pbs.org,01275844580,1,2024-01-21,0
313,Ab Blacksland,ablacksland8o@ucla.edu,01129527507,1,2024-03-24,0
314,Rosco Dorcey,rdorcey8p@ftc.gov,01020370567,1,2024-02-29,0
315,Hector Giacomi,hgiacomi8q@earthlink.net,01087451273,1,2024-08-30,0
316,Darius McCurrie,dmccurrie8r@hp.com,01031578376,1,2024-05-24,0
317,Alverta Foucard,afoucard8s@163.com,01543944440,1,2024-01-25,0
318,Ailey Comini,acomini8t@ed.gov,01539895911,1,2024-05-11,0
319,Brose Heliot,bheliot8u@hc360.com,01161076126,1,2024-05-10,0
320,Cathie Birtles,cbirtles8v@columbia.edu,01042398540,1,2024-01-29,0
321,Willow Hunstone,whunstone8w@time.com,01018750411,1,2024-07-07,0
322,Arlene Shervil,ashervil8x@artisteer.com,01548232525,1,2024-09-18,0
323,Marissa Larway,mlarway8y@linkedin.com,01084458934,1,2024-08-02,0
324,Lorita Veelers,lveelers8z@reuters.com,01276292353,1,2024-07-03,0
325,Bevin Siggery,bsiggery90@msu.edu,01033708379,1,2024-01-18,0
326,Bryana Cosyns,bcosyns91@ameblo.jp,01285056907,1,2024-03-14,0
327,Milena Leddy,mleddy92@tripod.com,01054153509,1,2023-11-29,0
328,Brendin Love,blove93@fc2.com,01061267752,1,2024-04-24,0
329,Harmonie Laddle,hladdle94@ifeng.com,01528436854,1,2024-05-26,0
330,Verge Lambertini,vlambertini95@bravesites.com,01200872858,1,2024-09-18,0
331,Edmund Brunner,ebrunner96@ning.com,01097141805,1,2024-08-14,0
332,Alva Greasty,agreasty97@unblog.fr,01260820456,1,2024-07-10,0
333,Gabriella Cogger,gcogger98@harvard.edu,01584240481,1,2024-06-14,0
334,Giselle Oldrey,goldrey99@utexas.edu,01042095943,1,2024-01-29,0
335,Dianna Strut,dstrut9a@tmall.com,01047279156,1,2023-12-27,0
336,Sherman Kirrens,skirrens9b@nyu.edu,01589886859,1,2024-03-14,0
337,Jacenta Eydel,jeydel9c@sourceforge.net,01234446390,1,2023-11-18,0
338,Blair Lesly,blesly9d@hatena.ne.jp,01571456324,1,2024-01-03,0
339,Ashil Stoneman,astoneman9e@google.com,01105472075,1,2024-10-08,0
340,Dareen Killingsworth,dkillingsworth9f@webs.com,01222699728,1,2024-09-08,0
341,Jillayne Grover,jgrover9g@ebay.co.uk,01009159867,1,2024-05-05,0
342,Karee MacKenny,kmackenny9h@stumbleupon.com,01101867215,1,2024-03-26,0
343,Andriette Filmer,afilmer9i@nasa.gov,01550529664,1,2024-01-25,0
344,Chris Hovy,chovy9j@instagram.com,01192998797,1,2024-10-11,0
345,Lorry Dredge,ldredge9k@ted.com,01215597629,1,2024-10-14,0
346,Christalle Hogben,chogben9l@engadget.com,01267111299,1,2024-05-10,0
347,Sheppard MacGillreich,smacgillreich9m@bbc.co.uk,01008176663,1,2024-04-15,0
348,Davita Coper,dcoper9n@e-recht24.de,01541371522,1,2024-07-06,0
349,Ruth Rosellini,rrosellini9o@joomla.org,01011336450,1,2024-08-26,0
350,Addia Massimo,amassimo9p@ameblo.jp,01524974262,1,2024-02-16,0
351,Seth Maggiore,smaggiore9q@booking.com,01262660402,1,2023-12-03,0
352,Ceil Rings,crings9r@tripadvisor.com,01088569173,1,2024-08-08,0
353,Mattheus Whiston,mwhiston9s@etsy.com,01077760024,1,2024-03-16,0
354,Lucille Frane,lfrane9t@state.tx.us,01095503254,1,2024-06-11,0
355,Jeremy Shutler,jshutler9u@t-online.de,01235095162,1,2024-05-06,0
356,Jonell Bachura,jbachura9v@youku.com,01155962394,1,2024-08-21,0
357,Claudelle Trobey,ctrobey9w@berkeley.edu,01052776078,1,2024-04-17,0
358,Ivory Cruddace,icruddace9x@nature.com,01168146697,1,2024-08-11,0
359,Eward Tytherton,etytherton9y@thetimes.co.uk,01248465954,1,2023-11-08,0
360,Reinold Marjoribanks,rmarjoribanks9z@buzzfeed.com,01022580323,1,2024-09-28,0
361,Winni McMorran,wmcmorrana0@msu.edu,01037908238,1,2023-10-28,0
362,Tyrone Hurler,thurlera1@hubpages.com,01587564076,1,2024-06-07,0
363,Flint Beatson,fbeatsona2@posterous.com,01547949246,1,2024-05-28,0
364,Morey Tarrant,mtarranta3@discovery.com,01277548617,1,2023-12-30,0
365,Bekki Ciciari,bciciaria4@acquirethisname.com,01122470630,1,2024-10-11,0
366,Bronny Baggaley,bbaggaleya5@google.es,01034679538,1,2024-06-19,0
367,Barris Abbatucci,babbatuccia6@people.com.cn,01203312779,1,2024-08-10,0
368,Ashia Maryska,amaryskaa7@yale.edu,01065561973,1,2024-09-09,0
369,Phebe Maben,pmabena8@microsoft.com,01533983431,1,2024-08-23,0
370,Reamonn Caro,rcaroa9@wp.com,01221763733,1,2024-09-10,0
371,Verena Willoughby,vwilloughbyaa@sciencedirect.com,01514374307,1,2024-07-31,0
372,Gail Scamwell,gscamwellab@webmd.com,01540432629,1,2023-12-07,0
373,Tommy Lyddiatt,tlyddiattac@tinyurl.com,01059954164,1,2024-05-12,0
374,Merrily Cousen,mcousenad@issuu.com,01226004643,1,2024-03-29,0
375,Billi Prowse,bprowseae@slate.com,01095590940,1,2024-05-11,0
376,Elias Biernat,ebiernataf@hostgator.com,01585645957,1,2024-10-12,0
377,Paige Fellman,pfellmanag@tmall.com,01500862305,1,2024-02-02,0
378,Delcine Whiteman,dwhitemanah@state.tx.us,01188133438,1,2024-06-28,0
379,Julie Schiell,jschiellai@soundcloud.com,01114083473,1,2024-06-28,0
380,Andrey Parysowna,aparysownaaj@surveymonkey.com,01043163455,1,2024-09-29,0
381,Bram Phebee,bphebeeak@photobucket.com,01504817969,1,2024-08-25,0
382,Prissie Whittock,pwhittockal@usa.gov,01091446221,1,2024-01-09,0
383,Tad Mellon,tmellonam@nih.gov,01555343777,1,2024-04-28,0
384,Geralda Prendiville,gprendivillean@usatoday.com,01233940006,1,2024-06-17,0
385,Tiertza Feathers,tfeathersao@ox.ac.uk,01036279697,1,2024-05-08,0
386,Berkie Frodsam,bfrodsamap@bravesites.com,01083113305,1,2023-11-24,0
387,Neale Nannini,nnanniniaq@whitehouse.gov,01155808764,1,2024-08-20,0
388,Prince Androlli,pandrolliar@typepad.com,01201855001,1,2024-09-18,0
389,Cristi Wayne,cwayneas@wsj.com,01126125275,1,2023-10-24,0
390,Yolane Merrywether,ymerrywetherat@usnews.com,01113187828,1,2024-08-09,0
391,Dasha Westpfel,dwestpfelau@dell.com,01587482731,1,2024-09-08,0
392,Haley Niesegen,hniesegenav@plala.or.jp,01291570517,1,2024-03-24,0
393,Scott Tidswell,stidswellaw@ibm.com,01296605940,1,2024-09-07,0
394,Vinni Laweles,vlawelesax@constantcontact.com,01118714270,1,2023-12-03,0
395,Renate Prowting,rprowtingay@blogspot.com,01573864309,1,2024-08-26,0
396,Northrup Cuerda,ncuerdaaz@dion.ne.jp,01244107376,1,2024-02-17,0
397,Fonzie Boddis,fboddisb0@accuweather.com,01083998549,1,2024-09-12,0
398,Judi Thickin,jthickinb1@myspace.com,01044007212,1,2024-06-09,0
399,Ferris Wharf,fwharfb2@artisteer.com,01544766625,1,2024-09-03,0
400,Merrilee Cheale,mchealeb3@is.gd,01552394575,1,2024-08-10,0
401,Torry Emmer,temmerb4@dyndns.org,01150454675,1,2024-09-22,0
402,Lennard Rabbatts,lrabbattsb5@goo.ne.jp,01169941474,1,2024-01-11,0
403,Madelle Gulliford,mgullifordb6@tinyurl.com,01152881378,1,2024-09-24,0
404,Merrielle Croxton,mcroxtonb7@cocolog-nifty.com,01123070679,1,2024-07-03,0
405,Ann Behrend,abehrendb8@columbia.edu,01076001327,1,2024-08-02,0
406,Felicle Zecchi,fzecchib9@sogou.com,01073379434,1,2024-07-08,0
407,Filmore Ramelet,frameletba@mysql.com,01116071710,1,2024-08-21,0
408,Lombard Troutbeck,ltroutbeckbb@shareasale.com,01087281041,1,2024-06-28,0
409,Harvey Dorney,hdorneybc@163.com,01027207035,1,2024-05-19,0
410,Creighton Klass,cklassbd@nsw.gov.au,01525729928,1,2023-10-30,0
411,Casie Frodsam,cfrodsambe@feedburner.com,01039267135,1,2024-09-14,0
412,Adah Heak,aheakbf@washington.edu,01203011239,1,2024-09-26,0
413,Cesaro Dunton,cduntonbg@mac.com,01289626305,1,2024-01-12,0
414,Lucie Kubach,lkubachbh@vistaprint.com,01218275851,1,2024-01-03,0
415,Harmon Figures,hfiguresbi@wufoo.com,01032206360,1,2023-10-31,0
416,Karol Saer,ksaerbj@google.fr,01582320390,1,2024-05-05,0
417,Sarene Anstiss,sanstissbk@google.com,01236948585,1,2024-04-05,0
418,Marget Goodyer,mgoodyerbl@123-reg.co.uk,01501116528,1,2023-12-17,0
419,Natalee Fishbourne,nfishbournebm@intel.com,01060252662,1,2024-03-14,0
420,Abbott Rosensaft,arosensaftbn@simplemachines.org,01265676580,1,2024-05-04,0
421,Allyce Donahue,adonahuebo@apache.org,01026480021,1,2024-07-14,0
422,Jacquelyn Lerer,jlererbp@4shared.com,01299452656,1,2024-04-27,0
423,Annamarie Erley,aerleybq@patch.com,01280263849,1,2024-09-24,0
424,Crissy Canizares,ccanizaresbr@about.com,01109687260,1,2024-07-27,0
425,Morna Magenny,mmagennybs@ning.com,01550071212,1,2024-10-14,0
426,Tremain Cutting,tcuttingbt@ihg.com,01514623300,1,2024-02-18,0
427,Evin Corkitt,ecorkittbu@odnoklassniki.ru,01010137043,1,2024-09-27,0
428,Teddy Willstrop,twillstropbv@who.int,01029935184,1,2024-04-05,0
429,Tami Verry,tverrybw@ucoz.com,01004701634,1,2024-09-04,0
430,Carrissa Steart,csteartbx@photobucket.com,01544754738,1,2024-09-11,0
431,Hillard Oaker,hoakerby@paypal.com,01074993503,1,2023-12-22,0
432,Tammy Warder,twarderbz@devhub.com,01544667074,1,2024-02-25,0
433,Melessa Lusher,mlusherc0@dedecms.com,01194024682,1,2023-11-26,0
434,Carry Shmyr,cshmyrc1@tiny.cc,01174529937,1,2024-08-07,0
435,Corry Traylen,ctraylenc2@dot.gov,01128143248,1,2023-11-12,0
436,Douglas Leavens,dleavensc3@istockphoto.com,01285267424,1,2024-07-12,0
437,Jojo Heustace,jheustacec4@t-online.de,01184529987,1,2024-03-07,0
438,Troy Capron,tcapronc5@twitter.com,01532557891,1,2024-03-03,0
439,Broderick Shakspeare,bshakspearec6@tripod.com,01530051663,1,2024-05-21,0
440,Derril Metham,dmethamc7@lycos.com,01514582953,1,2024-10-08,0
441,Linnell Morais,lmoraisc8@360.cn,01567476762,1,2024-04-11,0
442,Celesta Greensides,cgreensidesc9@slate.com,01015052695,1,2023-10-27,0
443,Joanna Matousek,jmatousekca@msu.edu,01027053733,1,2024-06-04,0
444,Kynthia Alexander,kalexandercb@nasa.gov,01569862570,1,2024-01-30,0
445,Vinny Trahear,vtrahearcc@eventbrite.com,01001613247,1,2024-01-06,0
446,Margarete Auchterlony,mauchterlonycd@prnewswire.com,01250387799,1,2023-12-16,0
447,Meggie Ahrens,mahrensce@cnet.com,01276435741,1,2024-03-14,0
448,Hollis Dudleston,hdudlestoncf@ycombinator.com,01001810060,1,2024-07-05,0
449,Allin Gilford,agilfordcg@csmonitor.com,01233816897,1,2024-06-15,0
450,Aeriela Prestwich,aprestwichch@go.com,01156139866,1,2023-10-25,0
451,Morgun Stollenwerck,mstollenwerckci@sciencedaily.com,01235306585,1,2024-08-16,0
452,Cheston Hampstead,champsteadcj@army.mil,01596277227,1,2024-03-25,0
453,Urban Pilkington,upilkingtonck@webnode.com,01292216403,1,2024-02-04,0
454,Nan Friese,nfriesecl@smh.com.au,01168183574,1,2024-05-19,0
455,Opal Jeskins,ojeskinscm@reuters.com,01230177730,1,2024-06-13,0
456,Randolf Tanzig,rtanzigcn@webmd.com,01511492310,1,2024-08-28,0
457,Elita Regler,ereglerco@china.com.cn,01167938438,1,2024-07-07,0
458,Inez Kernock,ikernockcp@jalbum.net,01106255209,1,2024-09-01,0
459,Tye McVeigh,tmcveighcq@scientificamerican.com,01275063222,1,2024-08-15,0
460,Loy Hairon,lhaironcr@spotify.com,01298270588,1,2023-12-08,0
461,Nert Skelding,nskeldingcs@microsoft.com,01165713359,1,2024-01-20,0
462,Aldon Hemms,ahemmsct@nhs.uk,01115042395,1,2024-05-04,0
463,Stormie Santacrole,ssantacrolecu@skyrock.com,01112286703,1,2024-04-25,0
464,Winthrop Valentine,wvalentinecv@tinyurl.com,01546644434,1,2024-03-19,0
465,Imojean Cobson,icobsoncw@g.co,01597876623,1,2024-01-07,0
466,Putnem Soaper,psoapercx@mlb.com,01144036656,1,2023-10-26,0
467,Jemima Coper,jcopercy@facebook.com,01589373276,1,2024-01-04,0
468,Linc Tremellier,ltremelliercz@apache.org,01139113070,1,2024-09-22,0
469,Babb Cherry Holme,bcherryd0@reuters.com,01564479496,1,2024-01-02,0
470,Weston Matisoff,wmatisoffd1@artisteer.com,01049982305,1,2024-09-28,0
471,Tomkin Beet,tbeetd2@rediff.com,01154988471,1,2023-10-24,0
472,Pattin Ivasechko,pivasechkod3@facebook.com,01256009277,1,2024-07-26,0
473,Hilary Wilby,hwilbyd4@surveymonkey.com,01097787086,1,2024-08-24,0
474,Giffie Bleue,gbleued5@vinaora.com,01018902646,1,2024-07-17,0
475,Lorry Cady,lcadyd6@reverbnation.com,01158561668,1,2024-09-15,0
476,Hailee Lamswood,hlamswoodd7@upenn.edu,01536090880,1,2023-12-24,0
477,Lesley Phillott,lphillottd8@unicef.org,01082899055,1,2023-10-16,0
478,Josy Doley,jdoleyd9@yellowbook.com,01030506910,1,2024-07-05,0
479,Aldus Halesworth,ahalesworthda@wikia.com,01097736991,1,2024-07-31,0
480,Cynthie Massinger,cmassingerdb@vimeo.com,01047219176,1,2024-01-22,0
481,Roth Petran,rpetrandc@wikispaces.com,01541906607,1,2023-11-14,0
482,Johnny Gillmore,jgillmoredd@wisc.edu,01523664512,1,2023-12-14,0
483,Corette Bizzey,cbizzeyde@stanford.edu,01263828908,1,2024-03-18,0
484,Maison Fradgley,mfradgleydf@yellowbook.com,01580082985,1,2024-09-08,0
485,Ava Boggon,aboggondg@desdev.cn,01109952015,1,2024-09-21,0
486,Cam Bythell,cbythelldh@etsy.com,01572390174,1,2024-06-26,0
487,Tammi Gilby,tgilbydi@ycombinator.com,01073646506,1,2024-05-05,0
488,Austen Paulet,apauletdj@mtv.com,01257935282,1,2024-09-07,0
489,Dorothy Olenin,dolenindk@is.gd,01592863242,1,2023-12-13,0
490,Dov Franceschino,dfranceschinodl@alexa.com,01280214527,1,2024-04-09,0
491,Leelah Reck,lreckdm@globo.com,01018519195,1,2024-09-10,0
492,Skipton Toffel,stoffeldn@biglobe.ne.jp,01192174084,1,2024-03-17,0
493,Skye Bruyet,sbruyetdo@scribd.com,01191010569,1,2024-04-13,0
494,Linc Fieldgate,lfieldgatedp@ucoz.ru,01026831006,1,2023-11-28,0
495,Gaby Dyhouse,gdyhousedq@cargocollective.com,01547762268,1,2024-01-02,0
496,Alyss Coytes,acoytesdr@miibeian.gov.cn,01577701412,1,2024-07-14,0
497,Klara Lyal,klyalds@shutterfly.com,01228493157,1,2024-09-02,0
498,Marge Grindall,mgrindalldt@vistaprint.com,01157612218,1,2023-12-25,0
499,Barbabra Baylis,bbaylisdu@thetimes.co.uk,01114742559,1,2024-07-10,0
500,Lacee Robillard,lrobillarddv@mlb.com,01590594990,1,2024-05-11,0
501,Shara Horsewood,shorsewooddw@linkedin.com,01006335040,1,2024-04-19,0
502,Dru Aldred,daldreddx@bluehost.com,01563657394,1,2024-05-12,0
503,Phoebe Burnall,pburnalldy@spotify.com,01286479032,1,2024-10-05,0
504,Rorke Teece,rteecedz@deviantart.com,01500360134,1,2024-08-19,0
505,Salvatore D'Aguanno,sdaguannoe0@twitter.com,01185843830,1,2023-10-24,0
506,Nolan Livens,nlivense1@friendfeed.com,01016617596,1,2024-09-17,0
507,Berty Layhe,blayhee2@theguardian.com,01595596039,1,2024-09-03,0
508,Penrod Klaffs,pklaffse3@epa.gov,01209361487,1,2024-09-29,0
509,Dagmar Tranfield,dtranfielde4@cnet.com,01145301458,1,2024-07-23,0
510,Nady Fery,nferye5@vkontakte.ru,01280985031,1,2024-05-13,0
511,Elwyn Spellman,espellmane6@parallels.com,01592548375,1,2024-06-07,0
512,Caria Stollery,cstollerye7@technorati.com,01065112017,1,2023-12-30,0
513,Ingemar Fontenot,ifontenote8@tumblr.com,01535596146,1,2024-05-03,0
514,Payton Haston,phastone9@mysql.com,01298142313,1,2024-04-02,0
515,Courtnay Brislen,cbrislenea@chronoengine.com,01140185156,1,2024-02-02,0
516,Giovanna Tredwell,gtredwelleb@sphinn.com,01228605450,1,2024-06-15,0
517,Arel Greenstock,agreenstockec@aol.com,01592901958,1,2023-10-24,0
518,Delilah Sell,dselled@cnet.com,01027451321,1,2024-04-16,0
519,Randall Took,rtookee@miitbeian.gov.cn,01093876421,1,2023-11-30,0
520,Meryl Knowling,mknowlingef@utexas.edu,01109896902,1,2024-01-30,0
521,Gauthier Rivenzon,grivenzoneg@smugmug.com,01218953968,1,2024-08-07,0
522,Auria Ausello,aauselloeh@google.com,01232951218,1,2024-05-07,0
523,Cammy Lutz,clutzei@skype.com,01264289847,1,2024-03-11,0
524,Sandi Este,sesteej@pinterest.com,01233038889,1,2024-09-07,0
525,Deonne Sterricker,dsterrickerek@fda.gov,01263595122,1,2024-10-03,0
526,Cherise Breache,cbreacheel@nsw.gov.au,01511245192,1,2023-11-07,0
527,Geneva Rulton,grultonem@ovh.net,01000072876,1,2023-10-26,0
528,Sharlene Towns,stownsen@unc.edu,01026464485,1,2024-07-19,0
529,Henrietta Giovannacc@i,hgiovannaccieo@cocolog-nifty.com,01212051585,1,2024-04-22,0
530,Mina Dinnington,mdinningtonep@networkadvertising.org,01592421561,1,2024-07-22,0
531,Jerry Goulding,jgouldingeq@yellowpages.com,01546737169,1,2024-09-23,0
532,Alexis Bisterfeld,abisterfelder@reddit.com,01057180517,1,2024-03-29,0
533,Reggie Sigfrid,rsigfrides@istockphoto.com,01127039056,1,2024-06-05,0
534,Granny Duesberry,gduesberryet@cloudflare.com,01050238472,1,2024-09-14,0
535,Angelina Imore,aimoreeu@addthis.com,01155008678,1,2023-10-19,0
536,Lucho Harvey,lharveyev@flavors.me,01002542430,1,2023-11-09,0
537,Matthiew Ramsier,mramsierew@tinyurl.com,01521660807,1,2024-05-31,0
538,Mikael Barkas,mbarkasex@google.com.br,01030986500,1,2024-02-15,0
539,Therese Swanton,tswantoney@sfgate.com,01226796348,1,2024-03-15,0
540,Marti Mitrikhin,mmitrikhinez@jigsy.com,01004669973,1,2024-05-20,0
541,Durand Blainey,dblaineyf0@desdev.cn,01082181996,1,2023-11-25,0
542,Tremayne Risen,trisenf1@booking.com,01226000142,1,2023-12-19,0
543,Tiff Cluney,tcluneyf2@umich.edu,01177788544,1,2024-01-09,0
544,Lionel Southan,lsouthanf3@vinaora.com,01532031219,1,2024-08-07,0
545,Gilly Aiskovitch,gaiskovitchf4@wunderground.com,01177858652,1,2024-05-09,0
546,Suzann Rushton,srushtonf5@usatoday.com,01200147215,1,2024-03-23,0
547,Neddy Isabell,nisabellf6@seattletimes.com,01043373013,1,2024-04-09,0
548,Davine Warmington,dwarmingtonf7@typepad.com,01016715815,1,2024-02-06,0
549,Rosina Foxhall,rfoxhallf8@reference.com,01557296338,1,2023-12-17,0
550,Judy Fain,jfainf9@toplist.cz,01521330976,1,2023-11-03,0
551,Joceline Cade,jcadefa@blinklist.com,01227413259,1,2023-11-16,0
552,Dorena Reddel,dreddelfb@soup.io,01018884162,1,2023-12-28,0
553,Kyrstin Livoir,klivoirfc@wix.com,01572055994,1,2024-02-15,0
554,Kira Struttman,kstruttmanfd@posterous.com,01119230264,1,2024-09-13,0
555,Phillie Cossem,pcossemfe@cnn.com,01270063212,1,2024-07-08,0
556,Nessie Spargo,nspargoff@parallels.com,01292646232,1,2024-07-13,0
557,Pearle Tetla,ptetlafg@time.com,01175866797,1,2024-03-27,0
558,Jarret Riccardini,jriccardinifh@upenn.edu,01168051443,1,2024-04-12,0
559,Jolie Missen,jmissenfi@purevolume.com,01174847476,1,2024-10-05,0
560,Patricio Wicken,pwickenfj@cnet.com,01268857014,1,2024-09-13,0
561,Tarra Rhubottom,trhubottomfk@liveinternet.ru,01019269594,1,2024-04-07,0
562,Jerrilyn Bellhanger,jbellhangerfl@seattletimes.com,01202197191,1,2024-08-15,0
563,Yovonnda McLleese,ymclleesefm@amazon.co.jp,01021051076,1,2024-10-04,0
564,Mellicent O'Sharry,mosharryfn@goo.gl,01068213686,1,2024-10-14,0
565,Waldon MacDaid,wmacdaidfo@livejournal.com,01539951059,1,2024-01-24,0
566,Celinka Sally,csallyfp@xrea.com,01583453051,1,2023-11-19,0
567,Kynthia Stratton,kstrattonfq@prnewswire.com,01166161555,1,2024-08-14,0
568,Ashil Glayzer,aglayzerfr@typepad.com,01207853206,1,2024-03-07,0
569,Kelcie Eaklee,keakleefs@ning.com,01001620112,1,2024-05-02,0
570,Amata Bretherick,abretherickft@netscape.com,01074045864,1,2023-11-26,0
571,George Wilber,gwilberfu@alexa.com,01286776057,1,2024-09-22,0
572,Robbie Rivenzon,rrivenzonfv@time.com,01014415828,1,2023-12-11,0
573,Ashbey Headington,aheadingtonfw@shinystat.com,01052194210,1,2023-11-05,0
574,Karil Sidary,ksidaryfx@webs.com,01025131807,1,2024-02-26,0
575,Minetta Whistance,mwhistancefy@dagondesign.com,01250805262,1,2024-08-22,0
576,Nico Halls,nhallsfz@patch.com,01043958185,1,2024-01-06,0
577,Marlyn Mosconi,mmosconig0@shop-pro.jp,01539603943,1,2024-05-18,0
578,Yoshiko Tedman,ytedmang1@usda.gov,01227609900,1,2024-05-09,0
579,Leonidas Midlane,lmidlaneg2@themeforest.net,01263624704,1,2024-03-15,0
580,Bill Donativo,bdonativog3@last.fm,01245068986,1,2024-01-03,0
581,Innis Vasyukhnov,ivasyukhnovg4@salon.com,01169148961,1,2024-05-25,0
582,Cahra Gravie,cgravieg5@fda.gov,01055786884,1,2024-10-14,0
583,Virgil Chaston,vchastong6@woothemes.com,01511097304,1,2023-11-14,0
584,Adelina Sarjant,asarjantg7@examiner.com,01188289609,1,2024-06-08,0
585,Sander Upex,supexg8@unc.edu,01542428918,1,2024-06-06,0
586,Chance Chandler,cchandlerg9@cargocollective.com,01502781580,1,2024-03-15,0
587,Faina Hardwin,fhardwinga@meetup.com,01044644509,1,2024-04-29,0
588,Patricia Avon,pavongb@yellowbook.com,01230151175,1,2024-01-29,0
589,Gilles Gadie,ggadiegc@digg.com,01521637443,1,2023-12-30,0
590,Daphne Nester,dnestergd@twitpic.com,01130158894,1,2024-05-01,0
591,Isiahi Mahaddie,imahaddiege@barnesandnoble.com,01045457678,1,2024-04-14,0
592,Granny Regan,gregangf@symantec.com,01001003431,1,2024-01-06,0
593,Berenice Voysey,bvoyseygg@oakley.com,01589078797,1,2024-10-14,0
594,Adena Cornwall,acornwallgh@amazon.de,01073250261,1,2024-07-29,0
595,Collete Goldsbrough,cgoldsbroughgi@wix.com,01161750008,1,2024-08-26,0
596,Benjie Willett,bwillettgj@statcounter.com,01169006298,1,2024-08-25,0
597,Kasper Beamson,kbeamsongk@blogs.com,01203633307,1,2024-03-13,0
598,Barthel Piercy,bpiercygl@about.me,01096120103,1,2023-12-07,0
599,Livia Duffrie,lduffriegm@seattletimes.com,01529474287,1,2024-10-06,0
600,Dale Darey,ddareygn@bluehost.com,01137373918,1,2024-07-23,0
601,Eustacia Leamy,eleamygo@myspace.com,01195651907,1,2024-03-04,0
602,Doti Fermor,dfermorgp@networksolutions.com,01540967821,1,2024-03-24,0
603,Annemarie Comolli,acomolligq@typepad.com,01066565995,1,2024-08-24,0
604,Carrissa Caff,ccaffgr@mapy.cz,01528511395,1,2024-03-03,0
605,Bessy Quan,bquangs@pen.io,01060797530,1,2023-12-30,0
606,Noach Tooze,ntoozegt@chron.com,01036393712,1,2023-11-18,0
607,Cyrillus Cawston,ccawstongu@unblog.fr,01279867459,1,2024-01-21,0
608,Brnaby Seville,bsevillegv@answers.com,01500632519,1,2024-07-15,0
609,Harwell Macia,hmaciagw@si.edu,01090777746,1,2024-02-16,0
610,Willetta Liccardi,wliccardigx@ibm.com,01296490727,1,2024-04-17,0
611,Helga Van der Son,hvangy@cargocollective.com,01222795520,1,2023-11-01,0
612,Rutter Crapper,rcrappergz@uiuc.edu,01056144381,1,2024-10-15,0
613,Thibaut Clever,tcleverh0@foxnews.com,01030815960,1,2024-09-16,0
614,Manon Child,mchildh1@shinystat.com,01209303883,1,2024-03-21,0
615,Anabal Ghiron,aghironh2@stanford.edu,01560348428,1,2024-06-14,0
616,Adelaide de Broke,adeh3@canalblog.com,01541950778,1,2024-08-27,0
617,Codi Scriven,cscrivenh4@howstuffworks.com,01280336394,1,2024-04-27,0
618,Teddi MacCostigan,tmaccostiganh5@friendfeed.com,01002425334,1,2023-11-20,0
619,Mignon Pendergast,mpendergasth6@arizona.edu,01522145357,1,2024-04-06,0
620,Winnie Sara,wsarah7@livejournal.com,01083452024,1,2023-12-03,0
621,Fred Garnsworth,fgarnsworthh8@cam.ac.uk,01169814470,1,2024-03-10,0
622,Neely Holde,nholdeh9@marriott.com,01113621877,1,2024-06-13,0
623,Perceval Gladwish,pgladwishha@symantec.com,01101608283,1,2023-12-01,0
624,Frederic Daugherty,fdaughertyhb@examiner.com,01192562365,1,2024-07-14,0
625,Cedric Swabey,cswabeyhc@gizmodo.com,01238405850,1,2024-02-01,0
626,Fernando Grosvener,fgrosvenerhd@domainmarket.com,01024951309,1,2024-06-29,0
627,Veda Schubart,vschubarthe@artisteer.com,01153934357,1,2024-09-14,0
628,Lisha Bernhardsson,lbernhardssonhf@so-net.ne.jp,01280300977,1,2024-05-30,0
629,Erica Drakeford,edrakefordhg@technorati.com,01131595531,1,2024-03-03,0
630,Angel Theml,athemlhh@friendfeed.com,01244054126,1,2024-10-07,0
631,Huntington Zealy,hzealyhi@icq.com,01220301367,1,2024-06-28,0
632,Ina McKeaveney,imckeaveneyhj@aol.com,01500702313,1,2024-09-18,0
633,Roz Leahy,rleahyhk@storify.com,01080639156,1,2024-01-04,0
634,Zacherie Reddoch,zreddochhl@cafepress.com,01287873497,1,2024-02-10,0
635,Gael Mauger,gmaugerhm@yolasite.com,01059404011,1,2024-06-25,0
636,Farand Gerring,fgerringhn@stumbleupon.com,01596630981,1,2024-01-08,0
637,Reinold Lempke,rlempkeho@amazon.com,01505500743,1,2024-05-13,0
638,Ethelbert Parade,eparadehp@plala.or.jp,01008690442,1,2024-09-29,0
639,Reagan Doust,rdousthq@vimeo.com,01174938901,1,2024-06-13,0
640,Owen Bernhardt,obernhardthr@google.es,01101578112,1,2024-03-31,0
641,Diann Dollard,ddollardhs@slideshare.net,01254914520,1,2024-07-30,0
642,Artair Seger,asegerht@360.cn,01264459137,1,2024-09-13,0
643,Morganne Gulland,mgullandhu@jalbum.net,01242174856,1,2024-10-01,0
644,Osborne Stiven,ostivenhv@gnu.org,01525204316,1,2023-11-22,0
645,Joachim Roark,jroarkhw@seattletimes.com,01535280265,1,2023-12-15,0
646,Jakie Orrill,jorrillhx@jiathis.com,01125375586,1,2023-11-27,0
647,Tye Megson,tmegsonhy@dagondesign.com,01074648137,1,2024-06-09,0
648,Sorcha Staniford,sstanifordhz@pcworld.com,01217251974,1,2024-06-24,0
649,Krisha Nockells,knockellsi0@mapquest.com,01124779848,1,2023-12-27,0
650,Bryna Rihanek,brihaneki1@apache.org,01279588689,1,2024-03-21,0
651,Fred Tuke,ftukei2@acquirethisname.com,01271414493,1,2023-12-04,0
652,Darrel Dobbinson,ddobbinsoni3@multiply.com,01512601109,1,2024-06-27,0
653,Ruben Edgerton,redgertoni4@ifeng.com,01038315612,1,2024-07-19,0
654,Harbert McLardie,hmclardiei5@acquirethisname.com,01237685973,1,2024-07-09,0
655,Eveleen De L'Isle,edei6@nps.gov,01030775173,1,2023-11-07,0
656,Salmon Causton,scaustoni7@wsj.com,01529728045,1,2024-09-18,0
657,Fernanda Crudginton,fcrudgintoni8@theguardian.com,01597628809,1,2023-11-24,0
658,Teddy Gallifont,tgallifonti9@woothemes.com,01058708458,1,2024-02-21,0
659,Dean Proudman,dproudmania@ucoz.ru,01159088953,1,2023-11-30,0
660,Kayle Oxton,koxtonib@cornell.edu,01137089976,1,2024-08-05,0
661,Ted Spens,tspensic@economist.com,01291518273,1,2024-07-30,0
662,Ruperta Ambrosetti,rambrosettiid@google.com.br,01544223543,1,2024-04-16,0
663,Jennette Greenset,jgreensetie@omniture.com,01038069170,1,2024-06-04,0
664,Angelia Gervaise,agervaiseif@utexas.edu,01068528710,1,2024-04-03,0
665,Rudd Darnborough,rdarnboroughig@example.com,01533623769,1,2023-10-28,0
666,Galvan Rois,groisih@surveymonkey.com,01282438345,1,2024-09-27,0
667,Angie Gingold,agingoldii@wordpress.org,01135892415,1,2024-09-28,0
668,Adaline Swaisland,aswaislandij@macromedia.com,01579395158,1,2024-02-02,0
669,Nevile Tewkesberrie,ntewkesberrieik@dagondesign.com,01029272356,1,2024-07-30,0
670,Roberto Raccio,rraccioil@purevolume.com,01292246070,1,2024-08-06,0
671,Toinette Houlson,thoulsonim@jimdo.com,01123665844,1,2024-03-06,0
672,Giorgi Dodswell,gdodswellin@phpbb.com,01037633677,1,2024-05-09,0
673,Clair MacConnulty,cmacconnultyio@360.cn,01519772854,1,2024-01-16,0
674,Milena Cousin,mcousinip@ifeng.com,01204166894,1,2024-03-08,0
675,Martainn Shoesmith,mshoesmithiq@1688.com,01559445821,1,2024-02-24,0
676,Orton Sjostrom,osjostromir@java.com,01019534664,1,2023-12-25,0
677,Orville Simeoli,osimeoliis@narod.ru,01241446720,1,2024-09-05,0
678,Lilas Stitfall,lstitfallit@java.com,01556706644,1,2024-04-17,0
679,Skye Fanshaw,sfanshawiu@exblog.jp,01508655194,1,2024-06-13,0
680,Val Leamon,vleamoniv@domainmarket.com,01181354471,1,2024-09-12,0
681,Cathie Aslam,caslamiw@chronoengine.com,01233749048,1,2024-06-26,0
682,Emelyne Geist,egeistix@harvard.edu,01525514395,1,2024-03-27,0
683,Stefania Gyver,sgyveriy@ucoz.com,01241000341,1,2023-10-20,0
684,Sissy Leahey,sleaheyiz@cpanel.net,01255590748,1,2023-11-05,0
685,Midge Karolyi,mkarolyij0@ucsd.edu,01086328943,1,2023-10-28,0
686,Shay Oventon,soventonj1@oakley.com,01583940618,1,2024-01-31,0
687,Inna Victoria,ivictoriaj2@dagondesign.com,01116334843,1,2024-02-08,0
688,Avril Whatling,awhatlingj3@wordpress.com,01178395855,1,2024-07-04,0
689,Sher McPharlain,smcpharlainj4@wikispaces.com,01580193560,1,2024-02-04,0
690,Olia Nuschke,onuschkej5@dyndns.org,01543028735,1,2024-08-11,0
691,Rubia Earles,rearlesj6@mediafire.com,01084592249,1,2024-02-18,0
692,Mandy Duckworth,mduckworthj7@accuweather.com,01077928681,1,2024-03-31,0
693,Yancy Roch,yrochj8@pagesperso-orange.fr,01139883061,1,2023-11-10,0
694,Meghan Bette,mbettej9@gmpg.org,01182421579,1,2024-06-17,0
695,Maurice McReynolds,mmcreynoldsja@accuweather.com,01231288135,1,2024-09-17,0
696,Olga Cotgrove,ocotgrovejb@merriam-webster.com,01519183845,1,2024-03-11,0
697,Jess Garthside,jgarthsidejc@chron.com,01195040596,1,2024-04-10,0
698,Laina Kippie,lkippiejd@examiner.com,01556860914,1,2023-10-18,0
699,Raymund Hek,rhekje@icio.us,01288339225,1,2024-05-08,0
700,Nonnah Weeks,nweeksjf@craigslist.org,01117128155,1,2024-02-26,0
701,Rozalin Commucci,rcommuccijg@macromedia.com,01532126373,1,2024-09-01,0
702,Hailee Davenhill,hdavenhilljh@sohu.com,01092559391,1,2024-02-04,0
703,Fifi McGilbon,fmcgilbonji@go.com,01224666732,1,2023-11-22,0
704,Dorelia Fayerman,dfayermanjj@eventbrite.com,01067976628,1,2024-06-21,0
705,Milli Josifovitz,mjosifovitzjk@unesco.org,01050781296,1,2024-02-20,0
706,Sandi Haberfield,shaberfieldjl@cloudflare.com,01049097770,1,2024-06-03,0
707,Homer Hamsher,hhamsherjm@princeton.edu,01154163163,1,2023-11-22,0
708,Louella Greer,lgreerjn@wix.com,01280905038,1,2024-02-25,0
709,Erhard Iacoviello,eiacoviellojo@jimdo.com,01128976758,1,2024-05-08,0
710,Elset Attersoll,eattersolljp@ifeng.com,01202164306,1,2024-01-13,0
711,Lacy Fuge,lfugejq@utexas.edu,01519142071,1,2024-03-01,0
712,Kacey Sharrock,ksharrockjr@bizjournals.com,01254014308,1,2024-04-07,0
713,Rossie Potkins,rpotkinsjs@163.com,01211502914,1,2023-11-12,0
714,Christan McElhinney,cmcelhinneyjt@mapy.cz,01059157754,1,2024-01-03,0
715,Karel Metts,kmettsju@ucoz.ru,01517074235,1,2023-11-30,0
716,Renado Standell,rstandelljv@berkeley.edu,01035521111,1,2024-02-11,0
717,Merilyn Boyson,mboysonjw@archive.org,01262541572,1,2024-08-23,0
718,Denys Kerne,dkernejx@state.gov,01090040084,1,2023-10-18,0
719,Cissiee Vassall,cvassalljy@eepurl.com,01086122829,1,2024-01-05,0
720,Chloette Petti,cpettijz@nsw.gov.au,01517006610,1,2024-01-05,0
721,Mill Debling,mdeblingk0@sourceforge.net,01233287826,1,2024-08-21,0
722,Davida Fidilis,dfidilisk1@wp.com,01280100530,1,2024-01-01,0
723,Evangeline Castelot,ecastelotk2@github.io,01574381113,1,2024-08-12,0
724,Tanitansy Sedgeworth,tsedgeworthk3@mapy.cz,01228296680,1,2023-10-31,0
725,Parke Mougel,pmougelk4@stumbleupon.com,01572056612,1,2024-03-04,0
726,Stearn Van Bruggen,svank5@networksolutions.com,01244946984,1,2024-01-09,0
727,Daisy Ohrtmann,dohrtmannk6@is.gd,01262056005,1,2024-08-22,0
728,Kim de Merida,kdek7@ezinearticles.com,01006267596,1,2023-11-18,0
729,Lydia Sandercroft,lsandercroftk8@feedburner.com,01580400475,1,2023-11-07,0
730,Innis Hambly,ihamblyk9@tripadvisor.com,01278788040,1,2024-10-12,0
731,Benson Dwerryhouse,bdwerryhouseka@shinystat.com,01210658038,1,2024-01-14,0
732,Georas Inkpin,ginkpinkb@netscape.com,01093134307,1,2024-07-29,0
733,Alasteir Shaddick,ashaddickkc@1und1.de,01587991682,1,2023-11-01,0
734,Vite Hellcat,vhellcatkd@friendfeed.com,01003436554,1,2024-08-20,0
735,Gregg Cabral,gcabralke@edublogs.org,01010636693,1,2024-02-10,0
736,Kurt Giacomasso,kgiacomassokf@mapquest.com,01180285027,1,2024-04-15,0
737,Kiley Thornborrow,kthornborrowkg@goodreads.com,01021308048,1,2024-01-10,0
738,Tam Pitkethly,tpitkethlykh@yolasite.com,01019160779,1,2023-11-24,0
739,Wilfrid Perren,wperrenki@bloglines.com,01197181960,1,2024-09-24,0
740,Charleen Beckitt,cbeckittkj@gmpg.org,01146342482,1,2024-10-14,0
741,Arman Mickleburgh,amickleburghkk@youku.com,01047005168,1,2023-12-15,0
742,Calli Stookes,cstookeskl@1und1.de,01001581004,1,2023-12-29,0
743,Barry Abthorpe,babthorpekm@kickstarter.com,01573582340,1,2024-05-31,0
744,Maible Nicholson,mnicholsonkn@imgur.com,01004341299,1,2024-04-02,0
745,Wendeline Montes,wmontesko@ibm.com,01238658291,1,2024-04-19,0
746,Ursa Bryenton,ubryentonkp@wikia.com,01513039856,1,2024-06-21,0
747,Alessandro Maddams,amaddamskq@dot.gov,01233177794,1,2024-06-19,0
748,Guillemette Satch,gsatchkr@tripod.com,01135775880,1,2024-06-02,0
749,Dolf Talboy,dtalboyks@mozilla.org,01160728284,1,2023-11-06,0
750,Melisenda Burtt,mburttkt@state.tx.us,01251754512,1,2024-04-23,0
751,Lizzy Grayer,lgrayerku@angelfire.com,01013571180,1,2024-08-22,0
752,Barrie Peotz,bpeotzkv@miibeian.gov.cn,01200779026,1,2024-09-21,0
753,Hayward Lunam,hlunamkw@aol.com,01563170242,1,2024-03-13,0
754,Leicester Whiteland,lwhitelandkx@wsj.com,01031436950,1,2023-11-27,0
755,Benoit Burgher,bburgherky@google.com.hk,01515294569,1,2024-06-14,0
756,Mureil Cuffley,mcuffleykz@ftc.gov,01547204354,1,2024-03-03,0
757,Tyson Chazotte,tchazottel0@mapy.cz,01093391847,1,2023-11-20,0
758,Kaine Fishlock,kfishlockl1@japanpost.jp,01005851622,1,2024-08-01,0
759,Grover Latliff,glatliffl2@weather.com,01173549173,1,2024-08-13,0
760,Timofei Vedyaev,tvedyaevl3@lulu.com,01219586746,1,2024-07-15,0
761,Jo ann Cawse,jannl4@yandex.ru,01097831071,1,2024-07-04,0
762,Abelard Clunan,aclunanl5@yandex.ru,01227541990,1,2024-08-24,0
763,Rikki Bultitude,rbultitudel6@oakley.com,01538352955,1,2024-06-21,0
764,Trude Playhill,tplayhilll7@bbb.org,01044405403,1,2024-01-27,0
765,Delia Derycot,dderycotl8@rakuten.co.jp,01278891573,1,2024-01-02,0
766,Catlee Lalonde,clalondel9@deviantart.com,01207800660,1,2023-12-04,0
767,Thorndike Grimsditch,tgrimsditchla@whitehouse.gov,01572522661,1,2024-04-28,0
768,Kerry Rawe,krawelb@nymag.com,01098896796,1,2023-10-27,0
769,Glenine Balding,gbaldinglc@chicagotribune.com,01239531436,1,2024-06-02,0
770,Gasper Pheasant,gpheasantld@jugem.jp,01535284522,1,2023-12-20,0
771,Ellynn Stelli,estellile@indiegogo.com,01168988178,1,2023-10-16,0
772,Ermengarde Littlejohns,elittlejohnslf@instagram.com,01102745334,1,2024-10-06,0
773,Aguste Gillino,agillinolg@biblegateway.com,01052516677,1,2024-09-20,0
774,Bernita Yurshev,byurshevlh@usa.gov,01160956616,1,2024-03-26,0
775,Alfons Battaille,abattailleli@mtv.com,01162300147,1,2023-12-10,0
776,De Buckby,dbuckbylj@istockphoto.com,01172890216,1,2024-07-19,0
777,Carrie Spiniello,cspiniellolk@sina.com.cn,01022949651,1,2024-02-22,0
778,Sibilla MacInherney,smacinherneyll@amazon.de,01528045293,1,2024-02-21,0
779,Brigitte Cruikshank,bcruikshanklm@github.com,01161885737,1,2024-04-18,0
780,Edgar Westwater,ewestwaterln@bigcartel.com,01106378938,1,2023-12-12,0
781,Ursala MacPake,umacpakelo@ibm.com,01534339199,1,2024-01-23,0
782,Elga De Rechter,edelp@blogtalkradio.com,01104292683,1,2024-06-30,0
783,Lita Donaho,ldonaholq@pbs.org,01520928226,1,2023-10-16,0
784,Flemming Brimmell,fbrimmelllr@arstechnica.com,01036480040,1,2023-10-26,0
785,Stanislaw Piotrkowski,spiotrkowskils@archive.org,01526131286,1,2023-11-27,0
786,Bliss Olivelli,bolivellilt@phpbb.com,01179365671,1,2024-06-13,0
787,Maxy Ferriman,mferrimanlu@wix.com,01094845669,1,2024-07-11,0
788,Elsa Calbaithe,ecalbaithelv@aol.com,01117982323,1,2024-07-30,0
789,Julianne Kovelmann,jkovelmannlw@hud.gov,01013767226,1,2024-10-02,0
790,Grantley Beckworth,gbeckworthlx@harvard.edu,01151045977,1,2023-11-30,0
791,Chiquita Miguet,cmiguetly@a8.net,01579366527,1,2023-11-28,0
792,Robinet Haill,rhailllz@bbc.co.uk,01589996816,1,2024-05-06,0
793,Nelia Wibrow,nwibrowm0@com.com,01089981286,1,2024-01-15,0
794,Darcy Bowers,dbowersm1@google.co.jp,01096543728,1,2024-03-29,0
795,Dyna Stannard,dstannardm2@whitehouse.gov,01184651456,1,2024-08-08,0
796,Ethelda Cruces,ecrucesm3@canalblog.com,01255259062,1,2024-05-12,0
797,Sherye Hanham,shanhamm4@businesswire.com,01174989947,1,2024-02-09,0
798,Zerk Unworth,zunworthm5@live.com,01264266548,1,2024-05-10,0
799,Ragnar Parsonage,rparsonagem6@cloudflare.com,01073846247,1,2024-04-29,0
800,Darby Basten,dbastenm7@imgur.com,01202552839,1,2023-10-17,0
801,Dorris Shepland,dsheplandm8@columbia.edu,01157233135,1,2024-03-01,0
802,Jocelyn Wistance,jwistancem9@tamu.edu,01063457664,1,2024-05-18,0
803,Thia Mattussevich,tmattussevichma@apache.org,01257692156,1,2023-10-31,0
804,Kaine Palfreman,kpalfremanmb@plala.or.jp,01209257696,1,2024-05-28,0
805,Dru German,dgermanmc@addthis.com,01218409477,1,2023-11-09,0
806,Kimbell Narbett,knarbettmd@businesswire.com,01198908468,1,2024-09-20,0
807,Ashil Vogeller,avogellerme@ucsd.edu,01155847987,1,2024-06-02,0
808,Bordy Disney,bdisneymf@elpais.com,01220601719,1,2023-10-30,0
809,Maryrose Bentley,mbentleymg@usgs.gov,01047135927,1,2024-07-24,0
810,Theodoric Statter,tstattermh@reference.com,01183522654,1,2023-11-24,0
811,Barbabas Pawson,bpawsonmi@icq.com,01225989509,1,2024-04-16,0
812,Kirby Loude,kloudemj@netlog.com,01036509657,1,2024-08-28,0
813,Bradford Gillespie,bgillespiemk@g.co,01032377063,1,2024-03-25,0
814,Averil Yeowell,ayeowellml@cisco.com,01135060888,1,2024-03-13,0
815,Byram Inchboard,binchboardmm@shutterfly.com,01223424841,1,2024-04-29,0
816,Bee Bezarra,bbezarramn@businessinsider.com,01041561883,1,2024-02-23,0
817,Collen Plaistowe,cplaistowemo@google.co.uk,01115204931,1,2024-08-01,0
818,Jessie Dykes,jdykesmp@sakura.ne.jp,01236864376,1,2023-12-27,0
819,Allard Hunter,ahuntermq@nsw.gov.au,01204511997,1,2024-08-14,0
820,Benedetto Mattusov,bmattusovmr@nhs.uk,01160564302,1,2024-05-04,0
821,Kaitlyn Dahill,kdahillms@mapy.cz,01189525794,1,2023-11-15,0
822,Gertrudis Bassil,gbassilmt@twitter.com,01255808226,1,2024-09-23,0
823,Waite Argent,wargentmu@mac.com,01504152831,1,2024-08-13,0
824,Farris Bohlin,fbohlinmv@prlog.org,01554202212,1,2024-06-28,0
825,Benedick Treece,btreecemw@photobucket.com,01149643525,1,2023-12-01,0
826,Tybalt Prater,tpratermx@hibu.com,01172092216,1,2024-01-17,0
827,Roz Dutson,rdutsonmy@paginegialle.it,01243219087,1,2023-12-12,0
828,Garreth Gaukroger,ggaukrogermz@unesco.org,01563640402,1,2023-11-12,0
829,Crawford Elix,celixn0@dedecms.com,01043524143,1,2024-04-16,0
830,Kale Hammon,khammonn1@narod.ru,01186400564,1,2024-06-01,0
831,Harbert Bezemer,hbezemern2@nymag.com,01037043468,1,2024-04-13,0
832,Reinaldo Pafford,rpaffordn3@telegraph.co.uk,01224932936,1,2023-11-15,0
833,Erastus Skouling,eskoulingn4@goo.gl,01200938805,1,2024-02-03,0
834,Robina Parmeter,rparmetern5@usa.gov,01018726953,1,2024-08-01,0
835,Sigismundo Pristnor,spristnorn6@wunderground.com,01564306595,1,2024-02-10,0
836,Erick Churm,echurmn7@networksolutions.com,01057917738,1,2024-07-25,0
837,Aldrich Allonby,aallonbyn8@reverbnation.com,01247813388,1,2024-03-31,0
838,Raine Viveash,rviveashn9@squidoo.com,01245019999,1,2023-12-28,0
839,Antonie McConnachie,amcconnachiena@baidu.com,01042334883,1,2024-09-21,0
840,Adelbert Bourgaize,abourgaizenb@businesswire.com,01550771739,1,2023-11-15,0
841,Valentine Haskey,vhaskeync@edublogs.org,01567529234,1,2024-05-28,0
842,Poppy Trousdell,ptrousdellnd@hubpages.com,01068719966,1,2023-10-27,0
843,Torr Brent,tbrentne@delicious.com,01050665343,1,2024-04-27,0
844,Kiersten Folbig,kfolbignf@salon.com,01035210719,1,2024-01-08,0
845,Garv Rosebotham,grosebothamng@princeton.edu,01548101759,1,2024-01-02,0
846,Melitta Phear,mphearnh@patch.com,01138164271,1,2024-06-17,0
847,Franciskus Negal,fnegalni@jugem.jp,01529302384,1,2024-07-29,0
848,Gerri Feldbrin,gfeldbrinnj@google.cn,01149123207,1,2024-08-06,0
849,Aubree Ianinotti,aianinottink@geocities.jp,01166308478,1,2024-09-03,0
850,Johnna Pick,jpicknl@stumbleupon.com,01056701881,1,2023-10-31,0
851,Bengt Jendas,bjendasnm@dailymotion.com,01167996520,1,2023-12-14,0
852,Shoshanna Payle,spaylenn@cocolog-nifty.com,01028896791,1,2024-10-10,0
853,Eugenio Yeandel,eyeandelno@youtube.com,01538741724,1,2024-04-21,0
854,Cyndie Simkin,csimkinnp@live.com,01158783873,1,2024-08-24,0
855,Roz Ludlam,rludlamnq@a8.net,01543871160,1,2024-08-13,0
856,Aloisia Lyokhin,alyokhinnr@rambler.ru,01589258273,1,2023-11-12,0
857,Peyton Hernik,phernikns@webeden.co.uk,01133669130,1,2024-07-08,0
858,Meryl Munkley,mmunkleynt@delicious.com,01127175951,1,2024-05-23,0
859,Lyle Calley,lcalleynu@mayoclinic.com,01208931613,1,2024-07-18,0
860,Layne Lindell,llindellnv@bloglines.com,01013083588,1,2024-07-27,0
861,Martynne Matschke,mmatschkenw@earthlink.net,01509809601,1,2024-08-31,0
862,Jobi Notley,jnotleynx@github.io,01032230079,1,2024-02-16,0
863,Kenna Arnolds,karnoldsny@macromedia.com,01032808123,1,2024-07-13,0
864,Rainer Grizard,rgrizardnz@de.vu,01090462309,1,2024-01-09,0
865,Myrna Messum,mmessumo0@cam.ac.uk,01284333717,1,2023-11-06,0
866,Isaac Hauck,ihaucko1@mit.edu,01280622974,1,2023-12-05,0
867,Phaidra Bear,pbearo2@bluehost.com,01094283295,1,2024-03-02,0
868,Rois Ramsden,rramsdeno3@amazon.co.jp,01596409047,1,2024-04-13,0
869,Garv Hargrove,ghargroveo4@hugedomains.com,01088281164,1,2024-01-28,0
870,Dwain Labell,dlabello5@google.com.au,01008969780,1,2024-04-20,0
871,Evita Toms,etomso6@shutterfly.com,01233012426,1,2024-03-28,0
872,Lily Steers,lsteerso7@domainmarket.com,01112968458,1,2024-07-09,0
873,Barth Frier,bfriero8@nydailynews.com,01524163759,1,2023-12-01,0
874,Rodolfo Caghan,rcaghano9@who.int,01163069302,1,2024-06-25,0
875,Hayyim Woollons,hwoollonsoa@hud.gov,01243612127,1,2024-06-20,0
876,Kizzee Sandercock,ksandercockob@topsy.com,01298013886,1,2024-04-29,0
877,Merl Gotmann,mgotmannoc@phoca.cz,01552361347,1,2024-07-31,0
878,Roma Schrinel,rschrinelod@google.nl,01159589628,1,2024-08-20,0
879,Madelena Ewart,mewartoe@ox.ac.uk,01297113941,1,2024-01-12,0
880,Tudor Kennedy,tkennedyof@sogou.com,01032339668,1,2023-12-08,0
881,Bendicty Pendre,bpendreog@ocn.ne.jp,01547397993,1,2024-09-03,0
882,Herbert Wooland,hwoolandoh@forbes.com,01000140103,1,2023-12-12,0
883,Britt Nilges,bnilgesoi@kickstarter.com,01163365236,1,2023-12-22,0
884,Maddie Novill,mnovilloj@histats.com,01240558851,1,2023-11-27,0
885,Janenna MacRanald,jmacranaldok@bizjournals.com,01068176934,1,2023-11-24,0
886,Konstanze Posselt,kposseltol@reddit.com,01280437610,1,2024-08-17,0
887,Amargo Mastrantone,amastrantoneom@cbc.ca,01266124394,1,2024-06-14,0
888,Joelynn Pettett,jpettetton@elpais.com,01022292907,1,2024-01-07,0
889,Joel Danielsohn,jdanielsohnoo@ucoz.ru,01513271272,1,2024-09-15,0
890,Richmound Lundbech,rlundbechop@auda.org.au,01203762862,1,2023-11-02,0
891,Joanie Haycox,jhaycoxoq@vk.com,01084479254,1,2024-04-29,0
892,Dorette Truelove,dtrueloveor@exblog.jp,01242796529,1,2024-07-02,0
893,Barnett Meneely,bmeneelyos@businessinsider.com,01045335734,1,2024-03-20,0
894,Gaylord Kwiek,gkwiekot@statcounter.com,01080463691,1,2024-03-01,0
895,Mala Airlie,mairlieou@networkadvertising.org,01563531106,1,2024-10-02,0
896,Cordelie Dovermann,cdovermannov@theglobeandmail.com,01190451612,1,2024-04-10,0
897,Wyatan Fetterplace,wfetterplaceow@trellian.com,01234019439,1,2024-09-22,0
898,Karie Spanton,kspantonox@auda.org.au,01150792019,1,2024-04-14,0
899,Eddi Holdforth,eholdforthoy@amazon.com,01268453183,1,2023-11-20,0
900,Hunter Schulken,hschulkenoz@arizona.edu,01540997273,1,2023-10-26,0
901,Dicky Karpushkin,dkarpushkinp0@soup.io,01123761946,1,2024-05-24,0
902,Fleurette Toman,ftomanp1@businessweek.com,01167269983,1,2023-12-29,0
903,Zsazsa Lorans,zloransp2@youtube.com,01576262683,1,2024-09-14,0
904,Janka Teliga,jteligap3@jugem.jp,01072760709,1,2023-12-29,0
905,Austen Skeemer,askeemerp4@tripadvisor.com,01159153459,1,2024-02-16,0
906,Orelee Corbert,ocorbertp5@tripadvisor.com,01261144458,1,2024-04-10,0
907,Rasla Linne,rlinnep6@archive.org,01036933288,1,2023-11-07,0
908,Johan Santori,jsantorip7@macromedia.com,01223494010,1,2024-06-02,0
909,Thekla Merle,tmerlep8@desdev.cn,01576819368,1,2024-08-14,0
910,Donaugh Pitherick,dpitherickp9@php.net,01514711018,1,2024-09-18,0
911,Clerissa Charles,ccharlespa@virginia.edu,01066858573,1,2024-05-16,0
912,Neddy Davidofski,ndavidofskipb@live.com,01090079057,1,2024-03-05,0
913,Leonid Bellison,lbellisonpc@deviantart.com,01104284254,1,2024-04-17,0
914,Jess Jeratt,jjerattpd@jigsy.com,01224626686,1,2024-01-01,0
915,Jannel Felder,jfelderpe@ocn.ne.jp,01144178147,1,2024-03-13,0
916,Forest Skermer,fskermerpf@bbb.org,01523662984,1,2024-02-09,0
917,Fianna Amiss,famisspg@npr.org,01561335788,1,2024-05-28,0
918,Marget Tomblings,mtomblingsph@walmart.com,01169274272,1,2024-04-09,0
919,Luce Mandres,lmandrespi@ning.com,01238667412,1,2024-08-02,0
920,Wilona Whybray,wwhybraypj@nature.com,01270743221,1,2024-05-04,0
921,Marshal Ewdale,mewdalepk@twitter.com,01103919151,1,2023-10-16,0
922,Yancy Borrie,yborriepl@xrea.com,01540056631,1,2024-06-27,0
923,Charin Melland,cmellandpm@cdbaby.com,01288789070,1,2024-03-08,0
924,Camellia Yedall,cyedallpn@delicious.com,01558389717,1,2024-07-20,0
925,Jarvis Simcoe,jsimcoepo@china.com.cn,01501608310,1,2024-03-24,0
926,Hill Molfino,hmolfinopp@narod.ru,01231581578,1,2023-11-17,0
927,Teddy Staries,tstariespq@joomla.org,01047678644,1,2024-03-18,0
928,Mitch Orknay,morknaypr@gizmodo.com,01023950777,1,2024-08-25,0
929,Daryl Henzer,dhenzerps@squarespace.com,01030081737,1,2024-01-17,0
930,Karol Kentish,kkentishpt@cornell.edu,01076656813,1,2024-04-28,0
931,Boony Dickie,bdickiepu@zimbio.com,01109969585,1,2024-01-19,0
932,Daloris Behninck,dbehninckpv@digg.com,01049536210,1,2024-03-26,0
933,Dewey McCaghan,dmccaghanpw@nytimes.com,01524398961,1,2024-05-19,0
934,Harriot Collip,hcollippx@naver.com,01190375766,1,2024-05-10,0
935,Pamella Chaulk,pchaulkpy@google.co.jp,01255372331,1,2024-04-05,0
936,Finlay Lewcock,flewcockpz@lycos.com,01171648199,1,2024-09-08,0
937,Patsy Adshede,padshedeq0@java.com,01057254685,1,2024-07-14,0
938,Florian Petasch,fpetaschq1@biglobe.ne.jp,01135342617,1,2024-07-24,0
939,Brennan Vassall,bvassallq2@accuweather.com,01509608800,1,2023-10-16,0
940,Edward Joddens,ejoddensq3@altervista.org,01526952136,1,2024-04-21,0
941,Ki Moro,kmoroq4@unc.edu,01152415449,1,2024-09-03,0
942,Abe Baughn,abaughnq5@soundcloud.com,01586204093,1,2024-09-12,0
943,Yvor Toulamain,ytoulamainq6@wikimedia.org,01145458735,1,2024-01-15,0
944,Cornelle Manston,cmanstonq7@webmd.com,01131802408,1,2023-10-25,0
945,Brok Aird,bairdq8@comsenz.com,01102370975,1,2023-10-25,0
946,Yehudi Gaskins,ygaskinsq9@usgs.gov,01105500036,1,2023-11-17,0
947,Glory Epsly,gepslyqa@zdnet.com,01017684170,1,2023-10-27,0
948,Hillel Pinson,hpinsonqb@clickbank.net,01215534691,1,2023-10-27,0
949,Claudian Callam,ccallamqc@bizjournals.com,01298035218,1,2024-09-19,0
950,Timmie Wayne,twayneqd@github.com,01567393386,1,2024-10-10,0
951,Erinna Petrushkevich,epetrushkevichqe@state.tx.us,01129269981,1,2024-05-13,0
952,Zelma Hutable,zhutableqf@dagondesign.com,01504974607,1,2024-03-15,0
953,Lorianna Broxup,lbroxupqg@last.fm,01263991162,1,2024-07-30,0
954,Devlin Aimable,daimableqh@biglobe.ne.jp,01068060989,1,2024-09-21,0
955,Rainer Lorrie,rlorrieqi@nba.com,01578282731,1,2024-07-28,0
956,Reinhold Bodill,rbodillqj@oaic.gov.au,01050476771,1,2023-12-12,0
957,Zack Suttling,zsuttlingqk@weebly.com,01230753484,1,2024-07-27,0
958,Willi Cabena,wcabenaql@exblog.jp,01252135453,1,2024-04-21,0
959,Koralle Clutton,kcluttonqm@google.cn,01228687488,1,2024-07-28,0
960,Friedrich Peffer,fpefferqn@java.com,01569770223,1,2024-05-02,0
961,Charmain Boutwell,cboutwellqo@biblegateway.com,01246786413,1,2024-07-26,0
962,Brody Pottes,bpottesqp@mozilla.org,01026171007,1,2023-11-25,0
963,Gabriell Bockmaster,gbockmasterqq@weibo.com,01272887803,1,2024-04-22,0
964,Jarvis Birkenshaw,jbirkenshawqr@irs.gov,01159196946,1,2024-06-05,0
965,Beret O'Neary,bonearyqs@51.la,01106300689,1,2024-01-19,0
966,Amos Sallnow,asallnowqt@webs.com,01148838636,1,2024-07-03,0
967,Becki Vardon,bvardonqu@japanpost.jp,01224584128,1,2024-07-27,0
968,Bradney Roscamps,broscampsqv@pcworld.com,01126442604,1,2024-07-21,0
969,Lilllie Millea,lmilleaqw@amazonaws.com,01077713141,1,2024-01-21,0
970,Babara Anstey,bansteyqx@rambler.ru,01120425716,1,2024-08-13,0
971,Lilian Allman,lallmanqy@whitehouse.gov,01203845932,1,2023-12-06,0
972,Artie Pendrich,apendrichqz@studiopress.com,01172571531,1,2024-03-30,0
973,Lila McCollum,lmccollumr0@ow.ly,01599049598,1,2024-02-17,0
974,Maryjane Slocumb,mslocumbr1@photobucket.com,01212685847,1,2023-11-27,0
975,Kipp Gamwell,kgamwellr2@yale.edu,01165041909,1,2024-01-25,0
976,Mimi Tropman,mtropmanr3@cisco.com,01118623671,1,2023-11-20,0
977,Graham McLardie,gmclardier4@soundcloud.com,01058191430,1,2024-03-18,0
978,Gilbertine Dreakin,gdreakinr5@jimdo.com,01567068491,1,2023-10-21,0
979,Angel Allett,aallettr6@chronoengine.com,01102368321,1,2023-12-17,0
980,Petronella Aseef,paseefr7@arstechnica.com,01520612879,1,2024-04-02,0
981,Shae Cheese,scheeser8@hud.gov,01252598996,1,2024-08-18,0
982,De witt Greggersen,dwittr9@ca.gov,01266745961,1,2024-09-09,0
983,Francesco Kibbee,fkibbeera@multiply.com,01116016815,1,2024-01-09,0
984,Butch Rottcher,brottcherrb@weather.com,01080724525,1,2024-08-13,0
985,Talia Cameron,tcameronrc@theatlantic.com,01133919091,1,2024-06-10,0
986,Jessamine Tabb,jtabbrd@google.nl,01153078359,1,2024-05-13,0
987,Ninon Fenkel,nfenkelre@marriott.com,01036988358,1,2024-04-04,0
988,Adelle Eckersall,aeckersallrf@dropbox.com,01153217487,1,2023-10-22,0
989,Gradeigh Claremont,gclaremontrg@eepurl.com,01114155143,1,2024-01-14,0
990,Steven Proven,sprovenrh@themeforest.net,01115027061,1,2024-04-27,0
991,Emmey Moncarr,emoncarrri@tuttocitta.it,01069063635,1,2024-09-21,0
992,Aube Strangeways,astrangewaysrj@seesaa.net,01265754030,1,2024-08-16,0
993,Ibby Grisdale,igrisdalerk@aol.com,01561111675,1,2023-10-19,0
994,Pris Presslie,ppresslierl@miitbeian.gov.cn,01589674830,1,2024-05-31,0
995,Alida O'Shevlan,aoshevlanrm@businessweek.com,01026962552,1,2023-10-20,0
996,Casar Comelli,ccomellirn@unesco.org,01181536654,1,2024-08-10,0
997,Elbertine Aubry,eaubryro@icq.com,01040942013,1,2024-07-23,0
998,Urbano Raymen,uraymenrp@uiuc.edu,01114454186,1,2024-04-18,0
999,Alina Huguenet,ahuguenetrq@cnet.com,01028383371,1,2024-04-04,0
1000,Ede Baber,ebaberrr@springer.com,01561057885,1,2024-07-31,0
